claim_id,claim,argument,implementation_or_check,source_or_input,experiment,figure_or_table,raw_result,maturity,fresh_recheck,boundary
C01,Accepted ledgers reconstruct every declared export exactly and compute per-scope path closure for the frozen algebra,proofs/arguments.md B1-B3,src/ledger.py; src/checker.py; src/emitter.py,trusted registry; policy snapshot; declared ledger,pilot; campaign; finite closure; boundary/emission checks,Sections 3-4 and 8,results/pilot.json; results/campaign.json; results/finite-closure.json; results/boundaries.json,Handwritten argument complete; implementation and bounded checks pass,"Passed the final clean working-tree reproduction, package audit and manuscript/reference gates on 2026-09-16.",Conditional on registry and policy authenticity; not physical acquisition history or semantic code safety
C02,"Content, occurrence and code-intent-pair labels have distinct equality and repair transfer rules",proofs/arguments.md A-B,src/ledger.py; src/checker.py,20 frozen scenario families,480-case assigned-policy campaign,"Sections 1, 3 and Table 3",results/campaign.json; results/corpus-cases.csv,Specified and finite measured,"Passed the final clean working-tree reproduction, package audit and manuscript/reference gates on 2026-09-16.",The authority must choose correct labels/scopes; no unknown-contamination discovery
C03,A final-only equality check can miss a label introduced through a non-exported intermediate,proofs/arguments.md D2,tests/campaign.py; src/merge.py,C07/C15/C21/C22 constructions,lineage-plus-final-alias and endpoint-only baselines,Fig. 1; Tables 4-5,results/campaign.json; results/composition-baselines.json,Constructed counterexample and measured instances,"Passed the final clean working-tree reproduction, package audit and manuscript/reference gates on 2026-09-16.",Not a real-world poisoning prevalence estimate
C04,The quotient summary equals full joined replay for supported equality-only composition,proofs/arguments.md D1,src/merge.py; src/checker.py,"2,457 declared composition contexts",all output masks compared with joined replay,Section 5; Table 5,results/composition.json; results/composition-baselines.json,Handwritten argument complete; finite measured,"Passed the final clean working-tree reproduction, package audit and manuscript/reference gates on 2026-09-16.",Disjoint occurrence namespaces; unchanged policies; no cross-shard transformation except equality
C05,"For a fixed fully queryable content interface, initially reached keys plus reachability among remaining keys characterize contextual behavior",proofs/arguments.md E1,tests/context.py,all three-key local graphs/seeds and contexts,"262,144 abstract combinations; 45 signatures",Section 5,results/context.json,Handwritten characterization; exhaustive bounded check,"Passed the final clean working-tree reproduction, package audit and manuscript/reference gates on 2026-09-16.",Known finite interface; every key may be seeded and observed
C06,A bipartite family gives a quadratic worst-case information requirement for exact fully general contextual queries,proofs/arguments.md E2,tests/context.py,two-by-two rewrite realizations and unbounded counting family,16 relations; 64 concrete pipeline probes,Section 5,results/context.json,Counting argument; small executable realizations,"Passed the final clean working-tree reproduction, package audit and manuscript/reference gates on 2026-09-16.",Not a compression lower bound for every restricted workload or total input encoding
C07,Closed-set and restoration-path certificates establish separation and inclusion minimality,proofs/arguments.md F1-F2,src/cuts.py; src/cutcheck.py; checker.audit_graph,grouped audit graphs and action maps,"15,625 exact graph cases plus 480 campaign diagnoses",Fig. 2; Sections 6 and 8,results/finite-cuts.json; results/diagnoses.json,Handwritten argument complete; finite checked,"Passed the final clean working-tree reproduction, package audit and manuscript/reference gates on 2026-09-16.",Graph/action map trusted; malformed replay has no cut; certificate is not remediation authority
C08,Deterministic inclusion-minimal cuts need not be minimum-cardinality,proofs/arguments.md F3,tests/finite.py cuts,parallel-path family,"widths 1,2,3,4,8,16; 52 tiny oracle gaps",Section 6,results/finite-cuts.json,Counterexample family and finite check,"Passed the final clean working-tree reproduction, package audit and manuscript/reference gates on 2026-09-16.",Order-specific gap; no claim about every inclusion-minimal separator
C09,Grouped minimum separation contains hitting set through a size-preserving reduction,proofs/arguments.md F4,written construction,distinct-key whole-string rewrite realization,no empirical hardness benchmark,Section 6,proofs/arguments.md,Handwritten reduction complete,"Passed the final clean working-tree reproduction, package audit and manuscript/reference gates on 2026-09-16.","Applies to grouped actions, not ordinary single-edge min-cut"
C10,Declared observations cannot prove an unobserved historical acquisition route,proofs/arguments.md C1,tests/boundaries.py,data/observational-counterexample.json,two observationally identical benign histories,Sections 3 and 8,results/boundaries.json,Indistinguishability argument and executable witness,"Passed the final clean working-tree reproduction, package audit and manuscript/reference gates on 2026-09-16.",Fresh declared reconstruction remains valid; authenticated capture could add evidence
C11,The revised assigned-policy campaign contains 480 cases across six releases: 336 blocked and 144 clean,frozen fixture expectations,tests/campaign.py,24 exact files; 20 families,six-project campaign,Tables 3-4,results/campaign.json; results/corpus-cases.csv,Measured finite evidence,"Passed the final clean working-tree reproduction, package audit and manuscript/reference gates on 2026-09-16.",Generated labels and convenience files; not classification accuracy
C12,Both validators reject 288 malformed or false-claim records,replay and format obligations,tests/campaign.py,12 mutations per source file,mutation campaign,Section 8,results/mutations.json,Measured finite evidence,"Passed the final clean working-tree reproduction, package audit and manuscript/reference gates on 2026-09-16.",Mutation set and specification were designed by the same team
C13,"A separate exact closure oracle agrees on 327,680 bounded graph/label instances",proofs/arguments.md B1,tests/finite.py closure,three-node masked DAGs and four-node cyclic B-only graphs,exact enumeration,Section 8,results/finite-closure.json,Finite checked with zero disagreements,"Passed the final clean working-tree reproduction, package audit and manuscript/reference gates on 2026-09-16.",Not exhaustive for larger graphs or all mixed-label cyclic graphs
C14,"The grouped-cut oracle checks 15,625 graphs, validating 11,456 cut and 4,169 infeasibility certificates and rejecting 2,059 mutations",proofs/arguments.md F1-F3,tests/finite.py cuts,all five states on six forward edges,exact subset enumeration,Section 8,results/finite-cuts.json,Finite checked,"Passed the final clean working-tree reproduction, package audit and manuscript/reference gates on 2026-09-16.",Fixed four-node source/target encoding plus named boundary cases
C15,The checker-gated emitter creates and reads back all 144 clean archives and creates no destination for all 336 blocked cases,proofs/arguments.md B2 and G,src/emitter.py; tests/boundaries.py; tests/deployment.py,480 valid campaign ledgers,exclusive temporary destinations,Section 8,results/boundaries.json,Measured reconstruction and emission behavior,"Passed the final clean working-tree reproduction, package audit and manuscript/reference gates on 2026-09-16.","Archive reconstruction is bounded; concurrent create-if-absent and process-death checkpoints are tested, but arbitrary power loss, hostile directory ownership and universal extraction are not."
C16,Campaign diagnosis yields 288 inclusion-minimal outcomes and 192 uncuttable-path outcomes; all 336 false-clean claims are rejected/diagnosable,proofs/arguments.md F-G,checker.audit_graph; src/diagnose.py; tests/boundaries.py,480 action-mapped cases,separate graph reconstruction and certificate checking,Sections 6 and 8,results/diagnoses.json; results/boundaries.json,Finite checked,"Passed the final clean working-tree reproduction, package audit and manuscript/reference gates on 2026-09-16.",288 includes 144 empty clean cuts; diagnosis does not authorize sanitization
C17,"Scaling observations reach 20,000 logical vertices on three deterministic shapes",implementation guards only,tests/scaling.py,"distinct chain; alias copies; many roots at 512, 2,048, 8,192 and 20,000 vertices",36 fresh child processes,Section 8 resource observations,results/scaling-*.csv; results/reproduction.json,Measured synthetic stress evidence,"Passed the final clean working-tree reproduction, package audit and manuscript/reference gates on 2026-09-16.","No production latency, throughput, asymptotic or upstream-system speedup claim"
C18,"Twenty parser, Unicode, Boolean, normalizer and expanded-export boundary checks pass",representation obligations,tests/boundaries.py,named malformed and edge inputs,bounded boundary suite,Section 8,results/boundaries.json,Finite checked,"Passed the final clean working-tree reproduction, package audit and manuscript/reference gates on 2026-09-16.",Not exhaustive malformed-input or denial-of-service testing
C19,"Across 2,457 contexts and 4,962 output masks, complete summaries are exact; cached local decisions leave 846 false-clean outputs and endpoint aliasing leaves 492",proofs/arguments.md D1-D2,tests/campaign.py; src/merge.py,"within-project, same-family cross-project, all-project and common-header contexts",full joined replay versus four information interfaces,Table 5,results/composition.json; results/composition-baselines.json,Measured composition evidence,"Passed the final clean working-tree reproduction, package audit and manuscript/reference gates on 2026-09-16.","Constructed contexts quantify information loss under this campaign, not deployment prevalence"
C20,"Retained empirical inputs comprise 24 files from six releases, totaling 268,614 bytes and 8,215 lines with exact notices",selection freeze and retained bytes,tests/campaign.py; data/selection.json,"CPython, Go, Ruby, Perl, npm CLI and pip",input audit during campaign,Table 3,data/selection.json; results/campaign.json; licenses/,Measured/retained source fact,"Passed the final clean working-tree reproduction, package audit and manuscript/reference gates on 2026-09-16.",Compact convenience sample; language count does not establish corpus representativeness
C21,Naturally repeated retained lines yield 127 equality classes and 216 late-equality file-pair contexts; complete and authenticated summaries agree with joined replay in all 216 while endpoint-only caching leaves 216 false-clean clean-side outputs,proofs/arguments.md D1-D2,src/corpus_adapter.py; tests/natural.py; src/merge.py; src/capsule.py,24 exact retained source files; canonical nonblank lines of length at least 8,"natural repeated-line equality workload with threshold sensitivity at 8, 12, 20 and 40",Sections 7-8,results/natural-duplicates.json,Measured input-derived workload with generated labels,"Passed the final clean working-tree reproduction, package audit and manuscript/reference gates on 2026-09-16.","Repeated text is observed, but labels and transformations are generated; this is neither a clone benchmark nor a poisoning-prevalence estimate."
C22,"Shared-key capsules bind epoch, shard sequence, exact policy, ledger, summary and output order; 23 capsule/freshness/path-context cases are rejected",proofs/arguments.md I1,src/capsule.py; src/emitter.py; tests/deployment.py,example policy/ledger plus 432 natural-workload capsules,"bound verification, wrong-key/tamper/freshness/duplicate-revision/path rejection tests",Sections 7-9,results/deployment.json; results/natural-duplicates.json,Conditional shared-key integrity profile implemented and bounded-tested,"Passed the final clean working-tree reproduction, package audit and manuscript/reference gates on 2026-09-16.","Assumes uncompromised HMAC keys; no public signature, non-repudiation, transparency or key distribution. Persistent replay state is covered separately in C25."
C23,Create-if-absent publication has one complete winner in an eight-process race and satisfies the stated pre-link/post-link condition at six process-death checkpoints,proofs/arguments.md I2,src/emitter.py; tests/deployment.py; tests/emitter_worker.py,valid replayed example archive on the evaluated POSIX filesystem,"concurrent publication, preexisting/symlink paths and forced process death at six stages",Sections 7-9,results/deployment.json,Algorithmic process-death argument plus bounded execution evidence,"Passed the final clean working-tree reproduction, package audit and manuscript/reference gates on 2026-09-16.","Not a power-loss, network-filesystem, hostile-directory-owner or universal crash-consistency guarantee; precommit deaths may leave an unlinked temporary file."
H01,"The scoped contract and context-complete interface are distinct from final-status, membership-only and authentication-only evidence",paper Section 2 comparison; proofs/arguments.md,not an empirical superiority claim,84 scholarly publications and one formal standard (85 cited references); frozen 12 same-venue / 5 field-shaping / 5 adjacent-venue calibration set,design-delta synthesis,Sections 2 and 9,paper/references.bib; paper/reference-audit.csv; paper/reference-audit.json; paper/check_references.py; artifact/external_resources.csv; research-plan.md venue-writing calibration,Bounded design delta stated without first/best claim,"Passed the final clean working-tree reproduction, package audit and manuscript/reference gates on 2026-09-16.",No claim that upstream policy/provenance systems cannot be adapted; the offline locator audit is not a full-text replication of all 85 sources.
H02,"Full production significance, public attestation, whole-state rollback resistance and cost advantage over deployed policy/provenance systems",No completed comparative argument,Not established,"one retained BigCode decision-function bridge, but no full production-builder deployment or operational policy authority",no end-to-end upstream benchmark,Section 9,results/builder-bridge.json; results/freshness.json; paper limitations; CURRENT-STATE.md,PARTIALLY REDUCED but unresolved for production deployment and excluded from abstract/conclusion performance claims,"Passed the final clean working-tree reproduction, package audit and manuscript/reference gates on 2026-09-16.","Requires real policy sources, end-to-end target-builder/storage integration, public or organizational key management, privileged rollback protection when needed, target-filesystem power-loss validation, external cases and longitudinal workloads."
C24,"A retained original BigCode exact-substring decision rejects 25 assigned roots; one-character rewrites make all 25 endpoints pass the same scanner while lineage blocks all 25, and 24 absent-probe controls pass scanner and ledger","final-state membership is not derivation containment; paper Sections 1, 7-9",upstream/bigcode-dataset/find_substrings_excerpt.py; src/builder_adapter.py; tests/builder_bridge.py; separate four-case oracle,24 exact retained source files plus one MIT-licensed public HumanEval example; generated per-file filter labels,"function-level builder bridge, root scan, declared rewrite/repack, endpoint rescan, separate replay and clean controls",Sections 7-9,results/builder-bridge.json; upstream/bigcode-dataset/NOTICE.md; upstream/human-eval/NOTICE.md,Measured operational-interface bridge with exact retained source identifiers,"Passed the final clean working-tree reproduction, package audit and manuscript/reference gates on 2026-09-16.",Does not reproduce the full BigCode pipeline or benchmark collection; natural-line policy facts are generated and are not allegations about upstream projects.
C25,"Authenticated local freshness state persists across restart, requires strict per-shard advance, supports one explicit epoch/key transition, admits one of eight racing acceptors, and exposes a complete prior-or-new state at four process-death checkpoints",atomic local state transition and fail-closed sequence consumption; paper Sections 7-9,src/freshness.py; tests/freshness.py; tests/freshness_worker.py; src/capsule.py,valid example policy/ledger and public fixture keys,"restart replay, authenticated-state tamper, wrong key, symlink, unauthorized/authorized epoch transition, eight-process race, four forced-death stages",Sections 7-9,results/freshness.json,Implemented and bounded-tested local POSIX profile,"Passed the final clean working-tree reproduction, package audit and manuscript/reference gates on 2026-09-16.",Cannot detect privileged rollback of the entire authenticated state file; no distributed consensus/transparency or power-loss/network-filesystem claim; pre-replace death may leave a private temporary candidate.
C26,"The clean artifact packet passes an offline package audit covering exact selected-byte accounting, licenses, source AST safety, module separation, retained upstream function identity, resource inventory and forbidden packaging debris",artifact trust and non-execution boundary; source/package invariants,tests/package_audit.py; reproduce.py --checks,24 retained files; data/selection.json; upstream notices and licensed excerpts; all Python sources; evidence CSVs,"package-shape, UTF-8/byte/line/license, AST import/call, upstream-AST, exact HumanEval record and evidence-table checks",Artifact documentation,results/package-audit.json,Offline structural and retained-input integrity check,"Passed the final clean working-tree reproduction, package audit and manuscript/reference gates on 2026-09-16.","Static/package integrity is not a semantic proof, live remote-source check, malware analysis or guarantee about dependencies outside the standard-library profile."
H03,"The manuscript contains 85 unique cited entries (84 scholarly publications and one formal standard), exceeds the 55-reference floor, has no undefined or uncited entries or nocite padding, uses unique persistent record locators, and satisfies the frozen 12/5/5 calibration cohorts",paper/check_references.py offline bibliography and canonical-record gate,paper/check_references.py; paper/reference-audit.csv,paper/references.bib; paper/main.tex; 85 persistent DOI/arXiv/publisher/standard/index records,"balanced BibTeX parse; citation extraction; coverage, uniqueness, identifier and canonical-record assertions; calibration counts",Paper references; research-plan.md calibration matrix,paper/reference-audit.json,Bibliographic packet integrity checked; seven confirmed metadata defects repaired and 12 high-risk records guarded by canonical assertions,"Passed the final clean working-tree reproduction, package audit and manuscript/reference gates on 2026-09-16.","Metadata and locator verification is not a claim that every full text, system or artifact was reproduced; source-specific synthesis remains bounded to inspected records and retained reading notes."
H04,The anonymous manuscript passes an offline consistency gate tying its prominent counts and measurement macros to retained artifact results while rejecting placeholder links and unsupported independence or crash-safety wording,Paper-to-artifact claim discipline and anonymous initial-review source requirements,paper/check_manuscript.py; paper/Makefile audit target,paper/main.tex; paper/measurements.tex; artifact/results/*.json; paper/reference-audit.json,9-section/anonymity checks; 22 frozen invariants; 15 measurement-macro checks; 8 prominent prose anchors; banned-overclaim scan,All paper sections and quantitative tables,paper/manuscript-audit.json,Offline manuscript/result consistency gate implemented and passed,"Passed the final clean working-tree reproduction, package audit and manuscript/reference gates on 2026-09-16.","This gate is not peer review, theorem mechanization, source full-text replication, or visual PDF inspection."
