shape,nodes,repeat,edges,outputs,blocked,input_bytes,summary_bytes,generation_seconds,producer_seconds,checker_seconds,producer_summary_seconds,checker_summary_seconds,compose_seconds,both_json_readers_seconds,body_cpu_seconds,body_wall_seconds,peak_rss_kib
alias-copy,512,1,2555,511,511,95074,3243,0.00027632699999458055,0.005065141000002882,0.0032865839999942636,0.0036673790000065765,0.004592255999995132,0.00020762399999796344,0.009396553000001973,0.027997419999999995,0.028083687999995277,18972
alias-copy,512,2,2555,511,511,95074,3243,0.000274564999998006,0.0033873659999983374,0.00407096900001136,0.004519406000000004,0.0037321669999954565,0.0001250589999983731,0.010551287000012621,0.027995616,0.027691566000001444,18972
alias-copy,512,3,2555,511,511,95074,3243,0.000491521999990141,0.004019550999998955,0.003223489000006907,0.003609221999994361,0.0053532250000074555,0.00011877000000026783,0.009041145000011852,0.027984139999999998,0.027069755999988843,18976
alias-copy,2048,1,10235,2047,2047,388588,12459,0.0015182329999987587,0.014269443000003434,0.014498768999999356,0.016145577000003186,0.019169512999994254,0.0004080870000109371,0.03877365399999633,0.10698735599999998,0.10790776500000732,24212
alias-copy,2048,2,10235,2047,2047,388588,12459,0.002494318000003659,0.014593742000002408,0.014918093000005683,0.01640479799999639,0.018237214999999196,0.00041126200000007884,0.040388192999998296,0.10998750000000002,0.11063633599999889,24212
alias-copy,2048,3,10235,2047,2047,388588,12459,0.001515928999992866,0.014126187000002233,0.014358529000006115,0.016035860000002344,0.019209271999997668,0.00039741000000503846,0.03948898999999528,0.10781296900000001,0.10830874299999493,24212
alias-copy,8192,1,40955,8191,8191,1574380,49323,0.006833708000002048,0.058954673000002344,0.06251673699999571,0.06562324700000488,0.07028993299999797,0.0022611140000066143,0.15949295999999435,0.43998132900000003,0.4396238120000078,50564
alias-copy,8192,2,40955,8191,8191,1574380,49323,0.007086928999996189,0.059146929999997155,0.06144595000000663,0.06684670399999959,0.0708275140000012,0.0015052529999906028,0.15825859599999603,0.439944195,0.4407462719999984,50784
alias-copy,8192,3,40955,8191,8191,1574380,49323,0.005788869999989288,0.06303898600000934,0.06307817399999749,0.06886932800000523,0.07367067699999552,0.0028229819999978645,0.1648871249999928,0.455951258,0.4560917409999945,50784
alias-copy,20000,1,99995,19999,19999,3913318,120171,0.015316804999997657,0.1580606770000088,0.15853732699999057,0.18010362799999768,0.18752737600000557,0.0036653039999947623,0.42276126899999156,1.164858862,1.164642028000003,101700
alias-copy,20000,2,99995,19999,19999,3913318,120171,0.015581343999997443,0.15941017500000498,0.165596304999994,0.18427967300000603,0.19076950100000545,0.0038024409999906084,0.41179173200001173,1.1681865969999998,1.1687538120000056,101440
alias-copy,20000,3,99995,19999,19999,3913318,120171,0.015495123999997418,0.1581864280000076,0.15906727699999124,0.17843707200000836,0.1924716909999944,0.005464380000006486,0.3916127409999888,1.1348478979999999,1.1345810730000068,101444
