shape,nodes,repeat,edges,outputs,blocked,input_bytes,summary_bytes,generation_seconds,producer_seconds,checker_seconds,producer_summary_seconds,checker_summary_seconds,compose_seconds,both_json_readers_seconds,body_cpu_seconds,body_wall_seconds,peak_rss_kib
many-roots,512,1,1536,256,6,63486,9591,0.00023788199996488402,0.00261926700022741,0.0045538399999713874,0.0028692969999610796,0.003166156999668601,0.0003757860004043323,0.011049233999983699,0.027979432999999942,0.02639720099978149,96172
many-roots,512,2,1536,256,6,63486,9591,0.0002625490001264552,0.0025103749999288993,0.006369989000177156,0.003230520999750297,0.0032757789999777742,0.0003604429998631531,0.011550266000085685,0.027989677999999962,0.028865795000001526,96300
many-roots,512,3,1536,256,6,63486,9591,0.00023888400028226897,0.002481532999809133,0.00442926499999885,0.0030057590001888457,0.003108842000074219,0.0003600529998948332,0.01128041599986318,0.023991823999999995,0.02619643400021232,96172
many-roots,2048,1,6912,1024,88,256485,33344,0.0013563269999394834,0.016331152000020666,0.06893876699996326,0.015820876999896427,0.01628151800014166,0.0015868790001150046,0.04495362700026817,0.16799586600000005,0.16877904200009652,99756
many-roots,2048,2,6912,1024,88,256485,33344,0.0012489979999372736,0.01202260500031116,0.04788499500000398,0.012458571000024676,0.013069132999589783,0.0011417800001254363,0.04090488400015602,0.131996769,0.1321042889999262,99756
many-roots,2048,3,6912,1024,88,256485,33344,0.0012144269999225799,0.012062875000083295,0.05039493999993283,0.012783059999947,0.013692707000245719,0.0012203659998704097,0.043429841000033775,0.13598067299999994,0.1383309550001286,99784
many-roots,8192,1,28672,4096,1376,1052226,128333,0.006791182000142726,0.09991576599986729,0.046560724999835656,0.05781404100025611,0.1053954670001076,0.0047999149996940105,0.17280454499996267,0.5079892659999999,0.5084685950000676,116788
many-roots,8192,2,28672,4096,1376,1052226,128333,0.007432491999679769,0.08328540200000134,0.04376370999989376,0.05684102800023538,0.10296656399987114,0.004765883999880316,0.18098029200018573,0.49197601,0.49315904799959753,116612
many-roots,8192,3,28672,4096,1376,1052226,128333,0.00707255899988013,0.08676030600008744,0.04493800799991732,0.05416143100001136,0.10516624000001684,0.004731953999908001,0.17499636499996996,0.49598407099999997,0.4930600309999136,116568
many-roots,20000,1,81808,10000,8126,2581548,186685,0.06289947799996298,0.1302282820001892,0.1862244029998692,0.16403720300013447,0.2105512190000809,0.007822648999990633,0.49012088299969037,1.2839514960000002,1.2843910910000886,146804
many-roots,20000,2,81808,10000,8126,2581548,186685,0.05136448499979451,0.1289490389999628,0.18128771600004256,0.1680113350003012,0.20824260199970013,0.006700748000184831,0.499300729999959,1.276134834,1.2749066729998049,146644
many-roots,20000,3,81808,10000,8126,2581548,186685,0.054356474000087474,0.1375130039996293,0.20103805899998406,0.17079691800017827,0.19878490400014925,0.006654588999936095,0.48023565199991936,1.279978839,1.2800620439998056,148980
